1,1715018570631,1715018570631,1,2,10.0,PENDING,
2,1715018623970,1715018725970,1,4,100.0,PENDING,
3,1715540794822,1715540794822,1,3,10.0,PENDING,
4,1716108188517,1716108188517,1,3,10.0,PENDING,
5,1716110230412,1716110230412,1,4,10.0,PENDING,
6,1716110314996,1716110314996,1,4,10.0,PENDING,
7,1716110471416,1716110471416,1,4,10.0,PENDING,
8,1716110487135,1716110487136,1,4,10.0,PENDING,
9,1716110536899,1716110536899,1,4,10.0,PENDING,
10,1716111199769,1716111199769,1,4,10.0,PENDING,
11,1716111266394,1716111266398,1,4,10.0,SUCCESS,
12,1716111377432,1716111377436,1,4,10.0,SUCCESS,
